econvolved_not deconvolved, bmaj, bmaj_error,bmin,bmin_error
deconvolved , 0.10639159466035522 , 0.020173815862357253 , 0.04185246097633967 , 0.011605239885759528
deconvolved , 0.20269016410986163 , 0.051622338468089474 , 0.008093701095326146 , 0.0163862931494929
deconvolved , 0.14805756277455176 , 0.024059489073710597 , 0.09407393061764306 , 0.015998734273202836
deconvolved , 0.1268727739449019 , 0.016733017313708742 , 0.060819248817444826 , 0.009211242319653527
deconvolved , 0.03794720149508776 , 0.009245523990822103 , 0.014093849527573449 , 0.009947524925219931
deconvolved , 0.08882227908407839 , 0.00890162010443804 , 0.051530498512040675 , 0.006330092473232352
deconvolved , 0.08292378303371473 , 0.018679960382069163 , 0.044774163898993066 , 0.01319538528350176
deconvolved , 0.06911747716187719 , 0.027471516959467368 , 0.029340982188900237 , 0.01942846644200516
deconvolved , 0.03973432427752486 , 0.00791803148283829 , 0.016323117931651733 , 0.0073446297234238365
deconvolved , 0.03034070238411755 , 0.005277235722701806 , 0.023675753898905385 , 0.005346568078844319
deconvolved , 0.055851313383114866 , 0.007325791756837743 , 0.008944627795893615 , 0.009284327436986936
deconvolved , 0.056535752386708375 , 0.008037602604004615 , 0.03667213294636299 , 0.007309595980804308
deconvolved , 0.05888097912717616 , 0.010974069137014736 , 0.030750513419816206 , 0.01064752927080096
Fit could not converge,0,0,0,0
deconvolved , 0.1667854419920485 , 0.025416633522796717 , 0.08808805710546858 , 0.014014843484151981
not deconvolved , 0.26365637266439684 , 0.031158138905296888 , 0.04062951557236038 , 0.0022504042464135303
deconvolved , 1e-60 , 0.10429153549826402 , 1e-60 , 0.018621743922559223