deconvolved_not deconvolved, bmaj, bmaj_error,bmin,bmin_error
deconvolved , 0.10639159466035522 , 0.020173815862357253 , 0.04185246097633967 , 0.011605239885759528
Fit could not converge,0,0,0,0
deconvolved , 0.20269016410986163 , 0.051622338468089474 , 0.008093701095326146 , 0.0163862931494929
deconvolved , 0.03034070238411755 , 0.005277235722701806 , 0.023675753898905385 , 0.005346568078844319
deconvolved , 0.15897121229942754 , 0.021415725003574915 , 0.05468407112358053 , 0.008884487279218978
Fit could not converge,0,0,0,0
deconvolved , 1e-60 , 0.06989708101723434 , 1e-60 , 0.01611878473925527
deconvolved , 0.14805756277455176 , 0.024059489073710597 , 0.09407393061764306 , 0.015998734273202836
deconvolved , 0.1268727739449019 , 0.016733017313708742 , 0.060819248817444826 , 0.009211242319653527
deconvolved , 0.03794720149508776 , 0.009245523990822103 , 0.014093849527573449 , 0.009947524925219931
deconvolved , 0.08882227908407839 , 0.00890162010443804 , 0.051530498512040675 , 0.006330092473232352
deconvolved , 0.08292378303371473 , 0.018679960382069163 , 0.044774163898993066 , 0.01319538528350176
deconvolved , 0.06911747716187719 , 0.027471516959467368 , 0.029340982188900237 , 0.01942846644200516
deconvolved , 0.03973432427752486 , 0.00791803148283829 , 0.016323117931651733 , 0.0073446297234238365
deconvolved , 0.05888097912717616 , 0.010974069137014736 , 0.030750513419816206 , 0.01064752927080096
deconvolved , 0.06438149419265496 , 0.016091606462588094 , 0.05111281868554616 , 0.013735799108118445
deconvolved , 0.05702097805888678 , 0.007599477224540442 , 0.028574115400022793 , 0.007454267894140616
deconvolved , 0.055851313383114866 , 0.007325791756837743 , 0.008944627795893615 , 0.009284327436986936
deconvolved , 0.056535752386708375 , 0.008037602604004615 , 0.03667213294636299 , 0.007309595980804308
deconvolved , 0.02521971598874268 , 0.007289767632306987 , 0.0220379432672327 , 0.010777499117987107
deconvolved , 0.0476325474288452 , 0.007536108726899693 , 0.036399314382530044 , 0.00693496034528536
deconvolved , 0.070945387136852 , 0.007150152064569162 , 0.04218010953010191 , 0.005748673984993395
deconvolved , 0.03778166947523148 , 0.003953283219609562 , 0.021672688528832588 , 0.0048339417043299394
deconvolved , 0.04562830827170064 , 0.0063191985632168254 , 0.016091646184025945 , 0.010690940379916879
deconvolved , 0.09287196548751772 , 0.010929728432596611 , 0.030042951560873398 , 0.006824246877676309
deconvolved , 1e-60 , 0.04564774496660414 , 1e-60 , 0.0023482639156323384
deconvolved , 0.09487198295349855 , 0.01161279726600585 , 0.033734427162528106 , 0.00708503286858872